﻿<?xml version="1.0" encoding="utf-8"?>
<root>
  <config>
    <device_type>9</device_type>
    <device_index>0</device_index>
    <device_channel>0</device_channel>
    <baudrate>11</baudrate>
    <protocol>0</protocol>
    <canfd_index>0</canfd_index>
    <arbitration_index>2</arbitration_index>
    <databaudrate_index>0</databaudrate_index>
    <terminalresistance>0</terminalresistance>
    <handshakeinterval>3</handshakeinterval>
    <datarecord_index>0</datarecord_index>
    <wakeinterval>5</wakeinterval>
    <kp182com>
    </kp182com>
    <kp182bandrate>9600</kp182bandrate>
    <kp182datebit>0</kp182datebit>
    <kp182poritybit>0</kp182poritybit>
    <kp182stopbit>0</kp182stopbit>
    <kp182deviceaddress>01</kp182deviceaddress>
    <isusingkp182>0</isusingkp182>
    <isusingvoltmeter>0</isusingvoltmeter>
    <voltmetercom>
    </voltmetercom>
    <voltmeterbaudrate>2400</voltmeterbaudrate>
    <voltmeteraddress>01</voltmeteraddress>
    <isusingamperemeter>0</isusingamperemeter>
    <amperemetercom>
    </amperemetercom>
    <amperemeterbaudrate>2400</amperemeterbaudrate>
    <amperemeteraddress>01</amperemeteraddress>
    <autosetting>0</autosetting>
    <isusingth10sb>0</isusingth10sb>
    <th10sbcom>
    </th10sbcom>
    <th10sbbaudrate>9600</th10sbbaudrate>
    <th10sbaddress>01</th10sbaddress>
    <autocheck>0</autocheck>
    <autochargeordischarge>0</autochargeordischarge>
    <currentvalue>10000</currentvalue>
    <waittime>10000</waittime>
    <currenterror>200</currenterror>
    <kp182com_2>
    </kp182com_2>
    <kp182bandrate_2>9600</kp182bandrate_2>
    <kp182deviceaddress_2>01</kp182deviceaddress_2>
    <isusingkp182_2>0</isusingkp182_2>
    <currentvalue_2>10000</currentvalue_2>
    <waittime_2>10000</waittime_2>
    <currenterror_2>200</currenterror_2>
  </config>
  <oneclickfactoryconfig>
    <syntimespan>300</syntimespan>
    <componentmodel>PDD_V3</componentmodel>
    <voltagebase>2900</voltagebase>
    <voltageerror>100</voltageerror>
    <temperaturebase>8</temperaturebase>
    <temperatureerror>2</temperatureerror>
    <issocadjust>1</issocadjust>
    <socvalue>6</socvalue>
    <iszeroadjust>1</iszeroadjust>
    <is10Aadjust>1</is10Aadjust>
    <iswriteeeprom>0</iswriteeeprom>
    <eepromfilepath>E:\EB12_H5工厂生产使用---20200521最新程序\GuoXuanH5Studio_20200401\BoqiangH5\bin\Debug\ProtocolFiles\H5_EEPROM_config.dat</eepromfilepath>
    <iswritemcu>0</iswritemcu>
    <mcufilepath>E:\EB12_H5工厂生产使用---20200521最新程序\GuoXuanH5Studio_20200401\BoqiangH5\bin\Debug\ProtocolFiles\MCU参数_20200805_1532.txt</mcufilepath>
    <isrtcadjust>1</isrtcadjust>
    <ischeckvoltage>1</ischeckvoltage>
    <ischecktemperature>1</ischecktemperature>
    <ischeckhumidity>1</ischeckhumidity>
    <ischeckeeprom>0</ischeckeeprom>
    <ischeckmcu>0</ischeckmcu>
    <powercurrentbase>8.45</powercurrentbase>
    <powercurrenterror>50</powercurrenterror>
    <resisitancevoltagebase>51.15</resisitancevoltagebase>
    <resisitancevoltageerror>10</resisitancevoltageerror>
    <produceddateerror>30</produceddateerror>
    <shallowsleep>0</shallowsleep>
    <deepsleep>0</deepsleep>
    <minwaterresistance>0</minwaterresistance>
    <maxwaterresistance>10000</maxwaterresistance>
    <innerminwaterresistance>0</innerminwaterresistance>
    <innermaxwaterresistance>10000</innermaxwaterresistance>
    <hardwareVersion>PH_1.0</hardwareVersion>
    <softwareVersion>F_T049</softwareVersion>
  </oneclickfactoryconfig>
</root>